{"count":1,"self":361.328256,"total":362.6337607,"children":{"InitializeActuators":{"count":13,"self":0.0011045,"total":0.0011045,"children":null},"InitializeSensors":{"count":13,"self":0.0010004999999999999,"total":0.0010004999999999999,"children":null},"AgentSendState":{"count":1012,"self":0.0174449,"total":0.2267623,"children":{"CollectObservations":{"count":2331,"self":0.19571049999999998,"total":0.19571049999999998,"children":null},"WriteActionMask":{"count":2331,"self":0.0015141999999999998,"total":0.0015141999999999998,"children":null},"RequestDecision":{"count":2331,"self":0.0120927,"total":0.0120927,"children":null}}},"DecideAction":{"count":1012,"self":0.84736439999999991,"total":0.84736439999999991,"children":null},"AgentAct":{"count":1012,"self":0.2292714,"total":0.2292714,"children":null}},"gauges":{},"metadata":{"timer_format_version":"0.1.0","start_time_seconds":"1753200341","unity_version":"2023.2.20f1c1","command_line_arguments":"C:\\Program Files\\Unity\\Hub\\Editor\\2023.2.20f1c1\\Editor\\Unity.exe -projectpath D:\\2\\Gewu2.0\\gewu -useHub -hubIPC -cloudEnvironment production","communication_protocol_version":"1.5.0","com.unity.ml-agents_version":"3.0.0","scene_name":"dance","end_time_seconds":"1753200704"}}