{"count":1,"self":53.243567999999996,"total":57.212810999999995,"children":{"InitializeActuators":{"count":52,"self":0.0039651,"total":0.0039651,"children":null},"InitializeSensors":{"count":52,"self":0.0029831999999999997,"total":0.0029831999999999997,"children":null},"AgentSendState":{"count":3845,"self":0.043834399999999996,"total":0.80583129999999992,"children":{"CollectObservations":{"count":12672,"self":0.724858,"total":0.724858,"children":null},"WriteActionMask":{"count":12672,"self":0.0070399999999999994,"total":0.0070399999999999994,"children":null},"RequestDecision":{"count":12672,"self":0.030098899999999998,"total":0.030098899999999998,"children":null}}},"DecideAction":{"count":3845,"self":2.6413092,"total":2.6413091,"children":null},"AgentAct":{"count":3845,"self":0.5151547,"total":0.5151547,"children":null}},"gauges":{},"metadata":{"timer_format_version":"0.1.0","start_time_seconds":"1755169583","unity_version":"2022.3.61f1c1","command_line_arguments":"D:\\Program Files\\Unity\\2022.3.61f1c1\\Editor\\Unity.exe -projectpath D:\\2\\Unity-RL-Playground\\gewu -useHub -hubIPC -cloudEnvironment production","communication_protocol_version":"1.5.0","com.unity.ml-agents_version":"3.0.0","scene_name":"G1OP","end_time_seconds":"1755169640"}}