{"count":1,"self":63.715891199999994,"total":69.26232379999999,"children":{"InitializeActuators":{"count":68,"self":0.0030304999999999998,"total":0.0030304999999999998,"children":null},"InitializeSensors":{"count":68,"self":0.0010002,"total":0.0010002,"children":null},"AgentSendState":{"count":6061,"self":0.100766,"total":1.4256271999999999,"children":{"CollectObservations":{"count":20066,"self":1.2675657999999999,"total":1.2675657999999999,"children":null},"WriteActionMask":{"count":20066,"self":0.0124237,"total":0.0124237,"children":null},"RequestDecision":{"count":20066,"self":0.0448717,"total":0.0448717,"children":null}}},"DecideAction":{"count":6061,"self":3.0354235999999997,"total":3.0354237,"children":null},"AgentAct":{"count":6061,"self":1.0813523999999999,"total":1.0813523999999999,"children":null}},"gauges":{},"metadata":{"timer_format_version":"0.1.0","start_time_seconds":"1756940600","unity_version":"2022.3.62f1c1","command_line_arguments":"C:\\Program Files\\Unity\\Hub\\Editor\\2022.3.62f1c1\\Editor\\Unity.exe -projectpath E:\\Unity-RL-Playground\\gewu -useHub -hubIPC -cloudEnvironment production","communication_protocol_version":"1.5.0","com.unity.ml-agents_version":"3.0.0","scene_name":"GewuMenu","end_time_seconds":"1756940669"}}