{"count":1,"self":47.510348799999996,"total":53.3601199,"children":{"InitializeActuators":{"count":2,"self":0.0010211999999999999,"total":0.0010211999999999999,"children":null},"InitializeSensors":{"count":2,"self":0.0020808,"total":0.0020808,"children":null},"AgentSendState":{"count":4837,"self":0.050145499999999996,"total":0.87008299999999994,"children":{"CollectObservations":{"count":9674,"self":0.76482929999999993,"total":0.76482929999999993,"children":null},"WriteActionMask":{"count":9674,"self":0.011913199999999999,"total":0.011913199999999999,"children":null},"RequestDecision":{"count":9674,"self":0.043195,"total":0.043195,"children":null}}},"DecideAction":{"count":4837,"self":4.6669516,"total":4.6669515,"children":null},"AgentAct":{"count":4837,"self":0.3079918,"total":0.3079918,"children":null}},"gauges":{},"metadata":{"timer_format_version":"0.1.0","start_time_seconds":"1752959543","unity_version":"2023.2.20f1c1","command_line_arguments":"C:\\Program Files\\Unity\\Hub\\Editor\\2023.2.20f1c1\\Editor\\Unity.exe -projectpath D:\\2\\Gewu2.0\\gewu\\Project -useHub -hubIPC -cloudEnvironment production","communication_protocol_version":"1.5.0","com.unity.ml-agents_version":"3.0.0","scene_name":"Main","end_time_seconds":"1752959596"}}