{"count":1,"self":12.6828592,"total":22.9027323,"children":{"InitializeActuators":{"count":192,"self":0.0055327,"total":0.0055327,"children":null},"InitializeSensors":{"count":192,"self":0.0046568999999999994,"total":0.0046568999999999994,"children":null},"AgentSendState":{"count":757,"self":0.173313,"total":5.462409,"children":{"CollectObservations":{"count":145344,"self":5.2108539999999994,"total":5.2108539,"children":null},"WriteActionMask":{"count":145344,"self":0.0158569,"total":0.0158569,"children":null},"RequestDecision":{"count":145344,"self":0.062385199999999995,"total":0.062385199999999995,"children":null}}},"DecideAction":{"count":757,"self":2.9797072,"total":2.9797073,"children":null},"AgentAct":{"count":757,"self":1.7665688,"total":1.7665686999999999,"children":null}},"gauges":{"gewu.CumulativeReward":{"count":147,"max":1071.29,"min":-168.822968,"runningAverage":25.4006348,"value":-64.63378,"weightedAverage":203.226059}},"metadata":{"timer_format_version":"0.1.0","start_time_seconds":"1755077160","unity_version":"2022.3.61f1c1","command_line_arguments":"D:\\Program Files\\Unity\\2022.3.61f1c1\\Editor\\Unity.exe -projectpath D:\\2\\Gewu2.0 - 2022\\gewu -useHub -hubIPC -cloudEnvironment production","communication_protocol_version":"1.5.0","com.unity.ml-agents_version":"3.0.0","scene_name":"TerrainT1","end_time_seconds":"1755077183"}}