{"count":1,"self":25.0883024,"total":41.383081,"children":{"InitializeActuators":{"count":64,"self":0.0033959999999999997,"total":0.0033959999999999997,"children":null},"InitializeSensors":{"count":64,"self":0.0028409999999999998,"total":0.0028409999999999998,"children":null},"AgentSendState":{"count":4060,"self":0.741822,"total":6.9559229999999994,"children":{"CollectObservations":{"count":129920,"self":5.7580008,"total":5.758001,"children":null},"WriteActionMask":{"count":129920,"self":0.219165,"total":0.219165,"children":null},"RequestDecision":{"count":129920,"self":0.23693499999999998,"total":0.23693499999999998,"children":null}}},"DecideAction":{"count":4060,"self":7.4362391999999993,"total":7.436239,"children":null},"AgentAct":{"count":4060,"self":1.894869,"total":1.894869,"children":null}},"gauges":{"gewu.CumulativeReward":{"count":138,"max":2265.32251,"min":197.918045,"runningAverage":1587.42188,"value":2110.99023,"weightedAverage":1899.6333}},"metadata":{"timer_format_version":"0.1.0","start_time_seconds":"1756932003","unity_version":"2022.3.62f1c1","command_line_arguments":"\/home\/ylq\/Unity\/Hub\/Editor\/2022.3.62f1c1\/Editor\/Unity -projectpath \/home\/ylq\/ylq\/Unity-RL-Playground\/gewu -useHub -hubIPC -cloudEnvironment production","communication_protocol_version":"1.5.0","com.unity.ml-agents_version":"3.0.0","scene_name":"Terrain","end_time_seconds":"1756932044"}}